{
  "schema_version": "1.0.0",
  "oracle": "mlx-audio Qwen3-ASR decoder reference",
  "purpose": "development parity oracle for issue #17; not a quality result",
  "runtime": {
    "mlx": "0.32.0",
    "mlx_audio": "0.4.5",
    "mlx_lm": "0.31.3"
  },
  "model": {
    "source": "Qwen/Qwen3-ASR-0.6B@5eb144179a02acc5e5ba31e748d22b0cf3e303b0",
    "conversion": "mlx-community/Qwen3-ASR-0.6B-8bit@89e96d92ba34aca20b3e29fb10cc284097d1219f",
    "artifact_sha256": "b5bfe4abc1b4c6e58b633096682ec2b6297298add1527119936107d211adf0e8"
  },
  "fixture": {
    "id": "audiobook-en-2277-149874-0000",
    "manifest": "benchmarks/fixtures/audiobook-pilot.json",
    "pcm_sha256": "e393548961cfd11b2ca59aa25e68984f551f952165ad1d18a485505b3bf16d41",
    "pcm_samples": 248080,
    "sample_rate_hz": 16000
  },
  "language": "en",
  "prompt_length": 220,
  "first_token": 6217,
  "second_token": 10810,
  "generated_tokens": [6217, 10810, 594, 23577, 11, 438, 279, 825, 79350, 18967, 31629, 1033, 1221, 1660, 2598, 11, 572, 304, 264, 949, 315, 4312, 12710, 425, 21211, 6686, 69498, 553, 8521, 315, 9327, 388, 323, 56360, 2787, 11, 2953, 879, 1030, 2525, 323, 1033, 2058, 5001, 11, 448, 279, 12973, 315, 7042, 50413, 304, 518, 279, 4379, 315, 32417, 16183, 264, 1042, 13],
  "text": "Minnie's Flat, as the one-floor resident apartments were then being called, was in a part of West Van Buren Street inhabited by families of laborers and clerks, men who had come and were still coming, with the rush of population pouring in at the rate of fifty thousand a year.",
  "prefill": {
    "hidden": {
      "shape": [1, 1, 1024],
      "mean": 0.09877195209264755,
      "stddev": 5.364267776511434,
      "minimum": -30.75,
      "maximum": 53,
      "l1": 3429.836570739746,
      "sample_indices": [0, 1, 2, 7, 31, 341, 682, 1023],
      "sample_values": [-2.25, 47.75, 0.1259765625, 53, 1.28125, 8.9375, -2.453125, -0.51953125]
    },
    "logits": {
      "shape": [1, 151936],
      "mean": -6.89481508016285,
      "stddev": 4.736805268467021,
      "minimum": -26.125,
      "maximum": 26.375,
      "l1": 1113861.6813278198,
      "sample_indices": [0, 1, 2, 7, 31, 50645, 101290, 151935],
      "sample_values": [3.484375, 10.4375, 5.34375, 9.0625, 6.21875, -8.75, -2.765625, -8.375]
    },
    "layer_0_keys": {
      "shape": [1, 8, 220, 128],
      "mean": 0.2501329245986364,
      "stddev": 22.5033075938425,
      "minimum": -458,
      "maximum": 466,
      "l1": 811091.8380204141,
      "sample_indices": [0, 1, 2, 7, 31, 75093, 150186, 225279],
      "sample_values": [2.515625, 2.234375, 1.6640625, 0.15625, 0.1279296875, -0.5390625, 1.890625, 0.000621795654296875]
    },
    "layer_0_values": {
      "shape": [1, 8, 220, 128],
      "mean": -0.0008694773370569402,
      "stddev": 0.10102970345668431,
      "minimum": -1.9296875,
      "maximum": 1.6171875,
      "l1": 17185.728353500366,
      "sample_indices": [0, 1, 2, 7, 31, 75093, 150186, 225279],
      "sample_values": [0.095703125, 0.1220703125, -0.09326171875, 0.033203125, 0.20703125, -0.078125, 0.06396484375, 0.037353515625]
    },
    "layer_27_keys": {
      "shape": [1, 8, 220, 128],
      "mean": 0.024231665704097727,
      "stddev": 2.8481000669074144,
      "minimum": -39.25,
      "maximum": 37.75,
      "l1": 304095.03829678893,
      "sample_indices": [0, 1, 2, 7, 31, 75093, 150186, 225279],
      "sample_values": [-0.002685546875, -0.00531005859375, -0.000044345855712890625, -0.0194091796875, -0.0274658203125, -4.84375, -1.0625, 0.51953125]
    },
    "layer_27_values": {
      "shape": [1, 8, 220, 128],
      "mean": -0.11088108718395233,
      "stddev": 6.732030581502058,
      "minimum": -50.5,
      "maximum": 44.5,
      "l1": 1161839.223815918,
      "sample_indices": [0, 1, 2, 7, 31, 75093, 150186, 225279],
      "sample_values": [0.173828125, 0.0380859375, 0.13671875, -0.1796875, 0.12158203125, -0.48046875, -1.484375, -1.6015625]
    }
  },
  "second_step": {
    "hidden": {
      "shape": [1, 1, 1024],
      "mean": 0.16516399383544922,
      "stddev": 4.762558141249177,
      "minimum": -13.0625,
      "maximum": 62.25,
      "l1": 3489.548828125,
      "sample_indices": [0, 1, 2, 7, 31, 341, 682, 1023],
      "sample_values": [3.40625, 62.25, 0.115234375, -7.09375, -3.625, 4.71875, 6.75, -0.734375]
    },
    "logits": {
      "shape": [1, 151936],
      "mean": -5.532469265301034,
      "stddev": 4.471184634200602,
      "minimum": -30,
      "maximum": 26.625,
      "l1": 926152.5218629837,
      "sample_indices": [0, 1, 2, 7, 31, 50645, 101290, 151935],
      "sample_values": [7.40625, 9.3125, 5.6875, 4.78125, 3.640625, -5.0625, -0.67578125, -7.3125]
    }
  },
  "first_top_tokens": [
    {"token": 6217, "logit": 26.375},
    {"token": 54213, "logit": 26.125},
    {"token": 44, "logit": 25.875},
    {"token": 8441, "logit": 20.75},
    {"token": 35312, "logit": 19.875},
    {"token": 45, "logit": 19.5},
    {"token": 36411, "logit": 19.375},
    {"token": 16413, "logit": 18.875},
    {"token": 63495, "logit": 18.75},
    {"token": 17897, "logit": 18.5}
  ],
  "second_top_tokens": [
    {"token": 10810, "logit": 26.625},
    {"token": 88, "logit": 24.875},
    {"token": 285, "logit": 24.125},
    {"token": 3834, "logit": 23},
    {"token": 4873, "logit": 23},
    {"token": 4412, "logit": 22},
    {"token": 3437, "logit": 21},
    {"token": 77, "logit": 21},
    {"token": 25151, "logit": 20.75},
    {"token": 645, "logit": 20.5}
  ]
}
